{"cameraMode":{"drawMode":0,"name":"Shaded","section":"Shading Mode"},"sceneLighting":true,"audioPlay":false,"sceneViewState":{"m_AlwaysRefresh":false,"showFog":true,"showSkybox":true,"showFlares":true,"showImageEffects":true,"showParticleSystems":true,"showVisualEffectGraphs":true,"m_FxEnabled":true},"in2DMode":false,"pivot":{"x":1.16714346408844,"y":2.952275514602661,"z":2.602571964263916},"rotation":{"x":-0.0073379939422011379,"y":-0.9651398062705994,"z":0.26026275753974917,"w":-0.027232280001044275},"size":12.213940620422364,"orthographic":true}